ne_ccor,codigo_ug,tabela,schema,formato_ne
2023NE000475,,dashboard_autonomia__empenhos_x_contratos_x_liquidac,main,NE_TRADICIONAL
2024NE000170,,dashboard_autonomia__empenhos_x_contratos_x_liquidac,main,NE_TRADICIONAL
2024NE000424,,dashboard_autonomia__empenhos_x_contratos_x_liquidac,main,NE_TRADICIONAL
2024NE000425,,dashboard_autonomia__empenhos_x_contratos_x_liquidac,main,NE_TRADICIONAL
2024NE000630,,dashboard_autonomia__empenhos_x_contratos_x_liquidac,main,NE_TRADICIONAL
2024NE000666,,dashboard_autonomia__empenhos_x_contratos_x_liquidac,main,NE_TRADICIONAL
2024NE000706,,dashboard_autonomia__empenhos_x_contratos_x_liquidac,main,NE_TRADICIONAL
2024NE000707,,dashboard_autonomia__empenhos_x_contratos_x_liquidac,main,NE_TRADICIONAL
2024NE000709,,dashboard_autonomia__empenhos_x_contratos_x_liquidac,main,NE_TRADICIONAL
2025NE000021,,dashboard_autonomia__empenhos_x_contratos_x_liquidac,main,NE_TRADICIONAL
2025NE000041,,dashboard_autonomia__empenhos_x_contratos_x_liquidac,main,NE_TRADICIONAL
2025NE000045,,dashboard_autonomia__empenhos_x_contratos_x_liquidac,main,NE_TRADICIONAL
2025NE000048,,dashboard_autonomia__empenhos_x_contratos_x_liquidac,main,NE_TRADICIONAL
2025NE000053,,dashboard_autonomia__empenhos_x_contratos_x_liquidac,main,NE_TRADICIONAL
2025NE000054,,dashboard_autonomia__empenhos_x_contratos_x_liquidac,main,NE_TRADICIONAL
2025NE000059,,dashboard_autonomia__empenhos_x_contratos_x_liquidac,main,NE_TRADICIONAL
2025NE000065,,dashboard_autonomia__empenhos_x_contratos_x_liquidac,main,NE_TRADICIONAL
2025NE000071,,dashboard_autonomia__empenhos_x_contratos_x_liquidac,main,NE_TRADICIONAL
2025NE000072,,dashboard_autonomia__empenhos_x_contratos_x_liquidac,main,NE_TRADICIONAL
2025NE000082,,dashboard_autonomia__empenhos_x_contratos_x_liquidac,main,NE_TRADICIONAL
2025NE000106,,dashboard_autonomia__empenhos_x_contratos_x_liquidac,main,NE_TRADICIONAL
2025NE000122,,dashboard_autonomia__empenhos_x_contratos_x_liquidac,main,NE_TRADICIONAL
2025NE000129,,dashboard_autonomia__empenhos_x_contratos_x_liquidac,main,NE_TRADICIONAL
2025NE000131,,dashboard_autonomia__empenhos_x_contratos_x_liquidac,main,NE_TRADICIONAL
2025NE000132,,dashboard_autonomia__empenhos_x_contratos_x_liquidac,main,NE_TRADICIONAL
2025NE000172,,dashboard_autonomia__empenhos_x_contratos_x_liquidac,main,NE_TRADICIONAL
2025NE000183,,dashboard_autonomia__empenhos_x_contratos_x_liquidac,main,NE_TRADICIONAL
2025NE000194,,dashboard_autonomia__empenhos_x_contratos_x_liquidac,main,NE_TRADICIONAL
2025NE000207,,dashboard_autonomia__empenhos_x_contratos_x_liquidac,main,NE_TRADICIONAL
2025NE000208,,dashboard_autonomia__empenhos_x_contratos_x_liquidac,main,NE_TRADICIONAL
2025NE000226,,dashboard_autonomia__empenhos_x_contratos_x_liquidac,main,NE_TRADICIONAL
2025NE000229,,dashboard_autonomia__empenhos_x_contratos_x_liquidac,main,NE_TRADICIONAL
2025NE000232,,dashboard_autonomia__empenhos_x_contratos_x_liquidac,main,NE_TRADICIONAL
2025NE000296,,dashboard_autonomia__empenhos_x_contratos_x_liquidac,main,NE_TRADICIONAL
2025NE000305,,dashboard_autonomia__empenhos_x_contratos_x_liquidac,main,NE_TRADICIONAL
2025NE000309,,dashboard_autonomia__empenhos_x_contratos_x_liquidac,main,NE_TRADICIONAL
2025NE000310,,dashboard_autonomia__empenhos_x_contratos_x_liquidac,main,NE_TRADICIONAL
2025NE000347,,dashboard_autonomia__empenhos_x_contratos_x_liquidac,main,NE_TRADICIONAL
2025NE000421,,dashboard_autonomia__empenhos_x_contratos_x_liquidac,main,NE_TRADICIONAL
2025NE000471,,dashboard_autonomia__empenhos_x_contratos_x_liquidac,main,NE_TRADICIONAL
2025NE000514,,dashboard_autonomia__empenhos_x_contratos_x_liquidac,main,NE_TRADICIONAL
2025NE000517,,dashboard_autonomia__empenhos_x_contratos_x_liquidac,main,NE_TRADICIONAL
2025NE000518,,dashboard_autonomia__empenhos_x_contratos_x_liquidac,main,NE_TRADICIONAL
2025NE000519,,dashboard_autonomia__empenhos_x_contratos_x_liquidac,main,NE_TRADICIONAL
2025NE000521,,dashboard_autonomia__empenhos_x_contratos_x_liquidac,main,NE_TRADICIONAL
2025NE000525,,dashboard_autonomia__empenhos_x_contratos_x_liquidac,main,NE_TRADICIONAL
2025NE000546,,dashboard_autonomia__empenhos_x_contratos_x_liquidac,main,NE_TRADICIONAL
2025NE000555,,dashboard_autonomia__empenhos_x_contratos_x_liquidac,main,NE_TRADICIONAL
2025NE000558,,dashboard_autonomia__empenhos_x_contratos_x_liquidac,main,NE_TRADICIONAL
2025NE000567,,dashboard_autonomia__empenhos_x_contratos_x_liquidac,main,NE_TRADICIONAL
2025NE000570,,dashboard_autonomia__empenhos_x_contratos_x_liquidac,main,NE_TRADICIONAL
2025NE000574,,dashboard_autonomia__empenhos_x_contratos_x_liquidac,main,NE_TRADICIONAL
2025NE000597,,dashboard_autonomia__empenhos_x_contratos_x_liquidac,main,NE_TRADICIONAL
2025NE000603,,dashboard_autonomia__empenhos_x_contratos_x_liquidac,main,NE_TRADICIONAL
2025NE000604,,dashboard_autonomia__empenhos_x_contratos_x_liquidac,main,NE_TRADICIONAL
2025NE000605,,dashboard_autonomia__empenhos_x_contratos_x_liquidac,main,NE_TRADICIONAL
2025NE000606,,dashboard_autonomia__empenhos_x_contratos_x_liquidac,main,NE_TRADICIONAL
2025NE000607,,dashboard_autonomia__empenhos_x_contratos_x_liquidac,main,NE_TRADICIONAL
2025NE000608,,dashboard_autonomia__empenhos_x_contratos_x_liquidac,main,NE_TRADICIONAL
2025NE000609,,dashboard_autonomia__empenhos_x_contratos_x_liquidac,main,NE_TRADICIONAL
2025NE000610,,dashboard_autonomia__empenhos_x_contratos_x_liquidac,main,NE_TRADICIONAL
2025NE000612,,dashboard_autonomia__empenhos_x_contratos_x_liquidac,main,NE_TRADICIONAL
2025NE000614,,dashboard_autonomia__empenhos_x_contratos_x_liquidac,main,NE_TRADICIONAL
2025NE000618,,dashboard_autonomia__empenhos_x_contratos_x_liquidac,main,NE_TRADICIONAL
2025NE000619,,dashboard_autonomia__empenhos_x_contratos_x_liquidac,main,NE_TRADICIONAL
2025NE000628,,dashboard_autonomia__empenhos_x_contratos_x_liquidac,main,NE_TRADICIONAL
2025NE000645,,dashboard_autonomia__empenhos_x_contratos_x_liquidac,main,NE_TRADICIONAL
2025NE000648,,dashboard_autonomia__empenhos_x_contratos_x_liquidac,main,NE_TRADICIONAL
2025NE000663,,dashboard_autonomia__empenhos_x_contratos_x_liquidac,main,NE_TRADICIONAL
2025NE000664,,dashboard_autonomia__empenhos_x_contratos_x_liquidac,main,NE_TRADICIONAL
2025NE000665,,dashboard_autonomia__empenhos_x_contratos_x_liquidac,main,NE_TRADICIONAL
2025NE000666,,dashboard_autonomia__empenhos_x_contratos_x_liquidac,main,NE_TRADICIONAL
2025NE000667,,dashboard_autonomia__empenhos_x_contratos_x_liquidac,main,NE_TRADICIONAL
2025NE000668,,dashboard_autonomia__empenhos_x_contratos_x_liquidac,main,NE_TRADICIONAL
2025NE000672,,dashboard_autonomia__empenhos_x_contratos_x_liquidac,main,NE_TRADICIONAL
2025NE000673,,dashboard_autonomia__empenhos_x_contratos_x_liquidac,main,NE_TRADICIONAL
2025NE000675,,dashboard_autonomia__empenhos_x_contratos_x_liquidac,main,NE_TRADICIONAL
2025NE000676,,dashboard_autonomia__empenhos_x_contratos_x_liquidac,main,NE_TRADICIONAL
2025NE000682,,dashboard_autonomia__empenhos_x_contratos_x_liquidac,main,NE_TRADICIONAL
2025NE000685,,dashboard_autonomia__empenhos_x_contratos_x_liquidac,main,NE_TRADICIONAL
2025NE000687,,dashboard_autonomia__empenhos_x_contratos_x_liquidac,main,NE_TRADICIONAL
2025NE000689,,dashboard_autonomia__empenhos_x_contratos_x_liquidac,main,NE_TRADICIONAL
2025NE000690,,dashboard_autonomia__empenhos_x_contratos_x_liquidac,main,NE_TRADICIONAL
2025NE000709,,dashboard_autonomia__empenhos_x_contratos_x_liquidac,main,NE_TRADICIONAL
2025NE000710,,dashboard_autonomia__empenhos_x_contratos_x_liquidac,main,NE_TRADICIONAL
2025NE000712,,dashboard_autonomia__empenhos_x_contratos_x_liquidac,main,NE_TRADICIONAL
2025NE000713,,dashboard_autonomia__empenhos_x_contratos_x_liquidac,main,NE_TRADICIONAL
2025NE000714,,dashboard_autonomia__empenhos_x_contratos_x_liquidac,main,NE_TRADICIONAL
2025NE000715,,dashboard_autonomia__empenhos_x_contratos_x_liquidac,main,NE_TRADICIONAL
2025NE000717,,dashboard_autonomia__empenhos_x_contratos_x_liquidac,main,NE_TRADICIONAL
2025NE000719,,dashboard_autonomia__empenhos_x_contratos_x_liquidac,main,NE_TRADICIONAL
2025NE000720,,dashboard_autonomia__empenhos_x_contratos_x_liquidac,main,NE_TRADICIONAL
2025NE000721,,dashboard_autonomia__empenhos_x_contratos_x_liquidac,main,NE_TRADICIONAL
2025NE000723,,dashboard_autonomia__empenhos_x_contratos_x_liquidac,main,NE_TRADICIONAL
2025NE000724,,dashboard_autonomia__empenhos_x_contratos_x_liquidac,main,NE_TRADICIONAL
2025NE000725,,dashboard_autonomia__empenhos_x_contratos_x_liquidac,main,NE_TRADICIONAL
2025NE000726,,dashboard_autonomia__empenhos_x_contratos_x_liquidac,main,NE_TRADICIONAL
2025NE000727,,dashboard_autonomia__empenhos_x_contratos_x_liquidac,main,NE_TRADICIONAL
2025NE000728,,dashboard_autonomia__empenhos_x_contratos_x_liquidac,main,NE_TRADICIONAL
2025NE000729,,dashboard_autonomia__empenhos_x_contratos_x_liquidac,main,NE_TRADICIONAL
2025NE000732,,dashboard_autonomia__empenhos_x_contratos_x_liquidac,main,NE_TRADICIONAL
2025NE000735,,dashboard_autonomia__empenhos_x_contratos_x_liquidac,main,NE_TRADICIONAL
2025NE000739,,dashboard_autonomia__empenhos_x_contratos_x_liquidac,main,NE_TRADICIONAL
2025NE000740,,dashboard_autonomia__empenhos_x_contratos_x_liquidac,main,NE_TRADICIONAL
2025NE000741,,dashboard_autonomia__empenhos_x_contratos_x_liquidac,main,NE_TRADICIONAL
2025NE000742,,dashboard_autonomia__empenhos_x_contratos_x_liquidac,main,NE_TRADICIONAL
2025NE000743,,dashboard_autonomia__empenhos_x_contratos_x_liquidac,main,NE_TRADICIONAL
2025NE000745,,dashboard_autonomia__empenhos_x_contratos_x_liquidac,main,NE_TRADICIONAL
2025NE000746,,dashboard_autonomia__empenhos_x_contratos_x_liquidac,main,NE_TRADICIONAL
2025NE000747,,dashboard_autonomia__empenhos_x_contratos_x_liquidac,main,NE_TRADICIONAL
2025NE000750,,dashboard_autonomia__empenhos_x_contratos_x_liquidac,main,NE_TRADICIONAL
2025NE000759,,dashboard_autonomia__empenhos_x_contratos_x_liquidac,main,NE_TRADICIONAL
2025NE000766,,dashboard_autonomia__empenhos_x_contratos_x_liquidac,main,NE_TRADICIONAL
2025NE000768,,dashboard_autonomia__empenhos_x_contratos_x_liquidac,main,NE_TRADICIONAL
2025NE000777,,dashboard_autonomia__empenhos_x_contratos_x_liquidac,main,NE_TRADICIONAL
2025NE000779,,dashboard_autonomia__empenhos_x_contratos_x_liquidac,main,NE_TRADICIONAL
2025NE000780,,dashboard_autonomia__empenhos_x_contratos_x_liquidac,main,NE_TRADICIONAL
2025NE000781,,dashboard_autonomia__empenhos_x_contratos_x_liquidac,main,NE_TRADICIONAL
2025NE000786,,dashboard_autonomia__empenhos_x_contratos_x_liquidac,main,NE_TRADICIONAL
2025NE000803,,dashboard_autonomia__empenhos_x_contratos_x_liquidac,main,NE_TRADICIONAL
2025NE000805,,dashboard_autonomia__empenhos_x_contratos_x_liquidac,main,NE_TRADICIONAL
2025NE000806,,dashboard_autonomia__empenhos_x_contratos_x_liquidac,main,NE_TRADICIONAL
2025NE000807,,dashboard_autonomia__empenhos_x_contratos_x_liquidac,main,NE_TRADICIONAL
2025NE000808,,dashboard_autonomia__empenhos_x_contratos_x_liquidac,main,NE_TRADICIONAL
2025NE000809,,dashboard_autonomia__empenhos_x_contratos_x_liquidac,main,NE_TRADICIONAL
2025NE000810,,dashboard_autonomia__empenhos_x_contratos_x_liquidac,main,NE_TRADICIONAL
2025NE000811,,dashboard_autonomia__empenhos_x_contratos_x_liquidac,main,NE_TRADICIONAL
2026NE000009,,dashboard_autonomia__empenhos_x_contratos_x_liquidac,main,NE_TRADICIONAL
2026NE000010,,dashboard_autonomia__empenhos_x_contratos_x_liquidac,main,NE_TRADICIONAL
2026NE000012,,dashboard_autonomia__empenhos_x_contratos_x_liquidac,main,NE_TRADICIONAL
2026NE000013,,dashboard_autonomia__empenhos_x_contratos_x_liquidac,main,NE_TRADICIONAL
2026NE000025,,dashboard_autonomia__empenhos_x_contratos_x_liquidac,main,NE_TRADICIONAL
2026NE000034,,dashboard_autonomia__empenhos_x_contratos_x_liquidac,main,NE_TRADICIONAL
2026NE000035,,dashboard_autonomia__empenhos_x_contratos_x_liquidac,main,NE_TRADICIONAL
2026NE000067,,dashboard_autonomia__empenhos_x_contratos_x_liquidac,main,NE_TRADICIONAL
2026NE000068,,dashboard_autonomia__empenhos_x_contratos_x_liquidac,main,NE_TRADICIONAL
2026NE000071,,dashboard_autonomia__empenhos_x_contratos_x_liquidac,main,NE_TRADICIONAL
2026NE000072,,dashboard_autonomia__empenhos_x_contratos_x_liquidac,main,NE_TRADICIONAL
2026NE000073,,dashboard_autonomia__empenhos_x_contratos_x_liquidac,main,NE_TRADICIONAL
2026NE000074,,dashboard_autonomia__empenhos_x_contratos_x_liquidac,main,NE_TRADICIONAL
2026NE000087,,dashboard_autonomia__empenhos_x_contratos_x_liquidac,main,NE_TRADICIONAL
2026NE000088,,dashboard_autonomia__empenhos_x_contratos_x_liquidac,main,NE_TRADICIONAL
2026NE000089,,dashboard_autonomia__empenhos_x_contratos_x_liquidac,main,NE_TRADICIONAL
2026NE000090,,dashboard_autonomia__empenhos_x_contratos_x_liquidac,main,NE_TRADICIONAL
2026NE000092,,dashboard_autonomia__empenhos_x_contratos_x_liquidac,main,NE_TRADICIONAL
2026NE000093,,dashboard_autonomia__empenhos_x_contratos_x_liquidac,main,NE_TRADICIONAL
2026NE000094,,dashboard_autonomia__empenhos_x_contratos_x_liquidac,main,NE_TRADICIONAL
2026NE000095,,dashboard_autonomia__empenhos_x_contratos_x_liquidac,main,NE_TRADICIONAL
2026NE000096,,dashboard_autonomia__empenhos_x_contratos_x_liquidac,main,NE_TRADICIONAL
2026NE000097,,dashboard_autonomia__empenhos_x_contratos_x_liquidac,main,NE_TRADICIONAL
2026NE000098,,dashboard_autonomia__empenhos_x_contratos_x_liquidac,main,NE_TRADICIONAL
2026NE000123,,dashboard_autonomia__empenhos_x_contratos_x_liquidac,main,NE_TRADICIONAL
2026NE000124,,dashboard_autonomia__empenhos_x_contratos_x_liquidac,main,NE_TRADICIONAL
2026NE000127,,dashboard_autonomia__empenhos_x_contratos_x_liquidac,main,NE_TRADICIONAL
2026NE000129,,dashboard_autonomia__empenhos_x_contratos_x_liquidac,main,NE_TRADICIONAL
2026NE000135,,dashboard_autonomia__empenhos_x_contratos_x_liquidac,main,NE_TRADICIONAL
2026NE000136,,dashboard_autonomia__empenhos_x_contratos_x_liquidac,main,NE_TRADICIONAL
2026NE000137,,dashboard_autonomia__empenhos_x_contratos_x_liquidac,main,NE_TRADICIONAL
2026NE000138,,dashboard_autonomia__empenhos_x_contratos_x_liquidac,main,NE_TRADICIONAL
2026NE000139,,dashboard_autonomia__empenhos_x_contratos_x_liquidac,main,NE_TRADICIONAL
2026NE000140,,dashboard_autonomia__empenhos_x_contratos_x_liquidac,main,NE_TRADICIONAL
2026NE000141,,dashboard_autonomia__empenhos_x_contratos_x_liquidac,main,NE_TRADICIONAL
2026NE000142,,dashboard_autonomia__empenhos_x_contratos_x_liquidac,main,NE_TRADICIONAL
2026NE000143,,dashboard_autonomia__empenhos_x_contratos_x_liquidac,main,NE_TRADICIONAL
2026NE000157,,dashboard_autonomia__empenhos_x_contratos_x_liquidac,main,NE_TRADICIONAL
2026NE000158,,dashboard_autonomia__empenhos_x_contratos_x_liquidac,main,NE_TRADICIONAL
2026NE000159,,dashboard_autonomia__empenhos_x_contratos_x_liquidac,main,NE_TRADICIONAL
2026NE000160,,dashboard_autonomia__empenhos_x_contratos_x_liquidac,main,NE_TRADICIONAL
2026NE000162,,dashboard_autonomia__empenhos_x_contratos_x_liquidac,main,NE_TRADICIONAL
2026NE000163,,dashboard_autonomia__empenhos_x_contratos_x_liquidac,main,NE_TRADICIONAL
2026NE000166,,dashboard_autonomia__empenhos_x_contratos_x_liquidac,main,NE_TRADICIONAL
2026NE000168,,dashboard_autonomia__empenhos_x_contratos_x_liquidac,main,NE_TRADICIONAL
2026NE000170,,dashboard_autonomia__empenhos_x_contratos_x_liquidac,main,NE_TRADICIONAL
2026NE000171,,dashboard_autonomia__empenhos_x_contratos_x_liquidac,main,NE_TRADICIONAL
2026NE000172,,dashboard_autonomia__empenhos_x_contratos_x_liquidac,main,NE_TRADICIONAL
2026NE000173,,dashboard_autonomia__empenhos_x_contratos_x_liquidac,main,NE_TRADICIONAL
2026NE000174,,dashboard_autonomia__empenhos_x_contratos_x_liquidac,main,NE_TRADICIONAL
2026NE000175,,dashboard_autonomia__empenhos_x_contratos_x_liquidac,main,NE_TRADICIONAL
2026NE000179,,dashboard_autonomia__empenhos_x_contratos_x_liquidac,main,NE_TRADICIONAL
2026NE000181,,dashboard_autonomia__empenhos_x_contratos_x_liquidac,main,NE_TRADICIONAL
2026NE000182,,dashboard_autonomia__empenhos_x_contratos_x_liquidac,main,NE_TRADICIONAL
2026NE000183,,dashboard_autonomia__empenhos_x_contratos_x_liquidac,main,NE_TRADICIONAL
2026NE000184,,dashboard_autonomia__empenhos_x_contratos_x_liquidac,main,NE_TRADICIONAL
2026NE000185,,dashboard_autonomia__empenhos_x_contratos_x_liquidac,main,NE_TRADICIONAL
2026NE000186,,dashboard_autonomia__empenhos_x_contratos_x_liquidac,main,NE_TRADICIONAL
2026NE000189,,dashboard_autonomia__empenhos_x_contratos_x_liquidac,main,NE_TRADICIONAL
2026NE000191,,dashboard_autonomia__empenhos_x_contratos_x_liquidac,main,NE_TRADICIONAL
2026NE000192,,dashboard_autonomia__empenhos_x_contratos_x_liquidac,main,NE_TRADICIONAL
2026NE000193,,dashboard_autonomia__empenhos_x_contratos_x_liquidac,main,NE_TRADICIONAL
2026NE000194,,dashboard_autonomia__empenhos_x_contratos_x_liquidac,main,NE_TRADICIONAL
2026NE000195,,dashboard_autonomia__empenhos_x_contratos_x_liquidac,main,NE_TRADICIONAL
2026NE000196,,dashboard_autonomia__empenhos_x_contratos_x_liquidac,main,NE_TRADICIONAL
2026NE000197,,dashboard_autonomia__empenhos_x_contratos_x_liquidac,main,NE_TRADICIONAL
2026NE000198,,dashboard_autonomia__empenhos_x_contratos_x_liquidac,main,NE_TRADICIONAL
2026NE000199,,dashboard_autonomia__empenhos_x_contratos_x_liquidac,main,NE_TRADICIONAL
2026NE000200,,dashboard_autonomia__empenhos_x_contratos_x_liquidac,main,NE_TRADICIONAL
2026NE000201,,dashboard_autonomia__empenhos_x_contratos_x_liquidac,main,NE_TRADICIONAL
2026NE000202,,dashboard_autonomia__empenhos_x_contratos_x_liquidac,main,NE_TRADICIONAL
2026NE000203,,dashboard_autonomia__empenhos_x_contratos_x_liquidac,main,NE_TRADICIONAL
2026NE000204,,dashboard_autonomia__empenhos_x_contratos_x_liquidac,main,NE_TRADICIONAL
2026NE000206,,dashboard_autonomia__empenhos_x_contratos_x_liquidac,main,NE_TRADICIONAL
2026NE000207,,dashboard_autonomia__empenhos_x_contratos_x_liquidac,main,NE_TRADICIONAL
2026NE000208,,dashboard_autonomia__empenhos_x_contratos_x_liquidac,main,NE_TRADICIONAL
2026NE000209,,dashboard_autonomia__empenhos_x_contratos_x_liquidac,main,NE_TRADICIONAL
2026NE000210,,dashboard_autonomia__empenhos_x_contratos_x_liquidac,main,NE_TRADICIONAL
2026NE000211,,dashboard_autonomia__empenhos_x_contratos_x_liquidac,main,NE_TRADICIONAL
2026NE000212,,dashboard_autonomia__empenhos_x_contratos_x_liquidac,main,NE_TRADICIONAL
2026NE000213,,dashboard_autonomia__empenhos_x_contratos_x_liquidac,main,NE_TRADICIONAL
2026NE000214,,dashboard_autonomia__empenhos_x_contratos_x_liquidac,main,NE_TRADICIONAL
2026NE000215,,dashboard_autonomia__empenhos_x_contratos_x_liquidac,main,NE_TRADICIONAL
2026NE000216,,dashboard_autonomia__empenhos_x_contratos_x_liquidac,main,NE_TRADICIONAL
2026NE000217,,dashboard_autonomia__empenhos_x_contratos_x_liquidac,main,NE_TRADICIONAL
2026NE000218,,dashboard_autonomia__empenhos_x_contratos_x_liquidac,main,NE_TRADICIONAL
2026NE000219,,dashboard_autonomia__empenhos_x_contratos_x_liquidac,main,NE_TRADICIONAL
2026NE000220,,dashboard_autonomia__empenhos_x_contratos_x_liquidac,main,NE_TRADICIONAL
2026NE000221,,dashboard_autonomia__empenhos_x_contratos_x_liquidac,main,NE_TRADICIONAL
2026NE000222,,dashboard_autonomia__empenhos_x_contratos_x_liquidac,main,NE_TRADICIONAL
2026NE000223,,dashboard_autonomia__empenhos_x_contratos_x_liquidac,main,NE_TRADICIONAL
2026NE000224,,dashboard_autonomia__empenhos_x_contratos_x_liquidac,main,NE_TRADICIONAL
2026NE000225,,dashboard_autonomia__empenhos_x_contratos_x_liquidac,main,NE_TRADICIONAL
2026NE000226,,dashboard_autonomia__empenhos_x_contratos_x_liquidac,main,NE_TRADICIONAL
2026NE000227,,dashboard_autonomia__empenhos_x_contratos_x_liquidac,main,NE_TRADICIONAL
2026NE000228,,dashboard_autonomia__empenhos_x_contratos_x_liquidac,main,NE_TRADICIONAL
2026NE000229,,dashboard_autonomia__empenhos_x_contratos_x_liquidac,main,NE_TRADICIONAL
2026NE000230,,dashboard_autonomia__empenhos_x_contratos_x_liquidac,main,NE_TRADICIONAL
2026NE000231,,dashboard_autonomia__empenhos_x_contratos_x_liquidac,main,NE_TRADICIONAL
2026NE000232,,dashboard_autonomia__empenhos_x_contratos_x_liquidac,main,NE_TRADICIONAL
2026NE000233,,dashboard_autonomia__empenhos_x_contratos_x_liquidac,main,NE_TRADICIONAL
2026NE000234,,dashboard_autonomia__empenhos_x_contratos_x_liquidac,main,NE_TRADICIONAL
2026NE000235,,dashboard_autonomia__empenhos_x_contratos_x_liquidac,main,NE_TRADICIONAL
2026NE000236,,dashboard_autonomia__empenhos_x_contratos_x_liquidac,main,NE_TRADICIONAL
2026NE000237,,dashboard_autonomia__empenhos_x_contratos_x_liquidac,main,NE_TRADICIONAL
2026NE000238,,dashboard_autonomia__empenhos_x_contratos_x_liquidac,main,NE_TRADICIONAL
2026NE000240,,dashboard_autonomia__empenhos_x_contratos_x_liquidac,main,NE_TRADICIONAL
2026NE000241,,dashboard_autonomia__empenhos_x_contratos_x_liquidac,main,NE_TRADICIONAL
2026NE000243,,dashboard_autonomia__empenhos_x_contratos_x_liquidac,main,NE_TRADICIONAL
2026NE000244,,dashboard_autonomia__empenhos_x_contratos_x_liquidac,main,NE_TRADICIONAL
2026NE000248,,dashboard_autonomia__empenhos_x_contratos_x_liquidac,main,NE_TRADICIONAL
2026NE000249,,dashboard_autonomia__empenhos_x_contratos_x_liquidac,main,NE_TRADICIONAL
2026NE000250,,dashboard_autonomia__empenhos_x_contratos_x_liquidac,main,NE_TRADICIONAL
2026NE000252,,dashboard_autonomia__empenhos_x_contratos_x_liquidac,main,NE_TRADICIONAL
2026NE000254,,dashboard_autonomia__empenhos_x_contratos_x_liquidac,main,NE_TRADICIONAL
2026NE000255,,dashboard_autonomia__empenhos_x_contratos_x_liquidac,main,NE_TRADICIONAL
2026NE000256,,dashboard_autonomia__empenhos_x_contratos_x_liquidac,main,NE_TRADICIONAL
2026NE000257,,dashboard_autonomia__empenhos_x_contratos_x_liquidac,main,NE_TRADICIONAL
2026NE000259,,dashboard_autonomia__empenhos_x_contratos_x_liquidac,main,NE_TRADICIONAL
2026NE000260,,dashboard_autonomia__empenhos_x_contratos_x_liquidac,main,NE_TRADICIONAL
2026NE000261,,dashboard_autonomia__empenhos_x_contratos_x_liquidac,main,NE_TRADICIONAL
2026NE000273,,dashboard_autonomia__empenhos_x_contratos_x_liquidac,main,NE_TRADICIONAL
2026NE000277,,dashboard_autonomia__empenhos_x_contratos_x_liquidac,main,NE_TRADICIONAL
2026NE000306,,dashboard_autonomia__empenhos_x_contratos_x_liquidac,main,NE_TRADICIONAL
2026NE000310,,dashboard_autonomia__empenhos_x_contratos_x_liquidac,main,NE_TRADICIONAL
2026NE000319,,dashboard_autonomia__empenhos_x_contratos_x_liquidac,main,NE_TRADICIONAL
2026NE000320,,dashboard_autonomia__empenhos_x_contratos_x_liquidac,main,NE_TRADICIONAL
2026NE000330,,dashboard_autonomia__empenhos_x_contratos_x_liquidac,main,NE_TRADICIONAL
2026NE000331,,dashboard_autonomia__empenhos_x_contratos_x_liquidac,main,NE_TRADICIONAL
2026NE000332,,dashboard_autonomia__empenhos_x_contratos_x_liquidac,main,NE_TRADICIONAL
2026NE000335,,dashboard_autonomia__empenhos_x_contratos_x_liquidac,main,NE_TRADICIONAL
2026NE000343,,dashboard_autonomia__empenhos_x_contratos_x_liquidac,main,NE_TRADICIONAL
2026NE000349,,dashboard_autonomia__empenhos_x_contratos_x_liquidac,main,NE_TRADICIONAL
2026NE000350,,dashboard_autonomia__empenhos_x_contratos_x_liquidac,main,NE_TRADICIONAL
2026NE000369,,dashboard_autonomia__empenhos_x_contratos_x_liquidac,main,NE_TRADICIONAL
2026NE000372,,dashboard_autonomia__empenhos_x_contratos_x_liquidac,main,NE_TRADICIONAL
2026NE000373,,dashboard_autonomia__empenhos_x_contratos_x_liquidac,main,NE_TRADICIONAL
2026NE000374,,dashboard_autonomia__empenhos_x_contratos_x_liquidac,main,NE_TRADICIONAL
2026NE000375,,dashboard_autonomia__empenhos_x_contratos_x_liquidac,main,NE_TRADICIONAL
2026NE000377,,dashboard_autonomia__empenhos_x_contratos_x_liquidac,main,NE_TRADICIONAL
2026NE000378,,dashboard_autonomia__empenhos_x_contratos_x_liquidac,main,NE_TRADICIONAL
2026NE000379,,dashboard_autonomia__empenhos_x_contratos_x_liquidac,main,NE_TRADICIONAL
2026NE000380,,dashboard_autonomia__empenhos_x_contratos_x_liquidac,main,NE_TRADICIONAL
2026NE000381,,dashboard_autonomia__empenhos_x_contratos_x_liquidac,main,NE_TRADICIONAL
2026NE000382,,dashboard_autonomia__empenhos_x_contratos_x_liquidac,main,NE_TRADICIONAL
2026NE000383,,dashboard_autonomia__empenhos_x_contratos_x_liquidac,main,NE_TRADICIONAL
2026NE000384,,dashboard_autonomia__empenhos_x_contratos_x_liquidac,main,NE_TRADICIONAL
2026NE000385,,dashboard_autonomia__empenhos_x_contratos_x_liquidac,main,NE_TRADICIONAL
2026NE000386,,dashboard_autonomia__empenhos_x_contratos_x_liquidac,main,NE_TRADICIONAL
2026NE000387,,dashboard_autonomia__empenhos_x_contratos_x_liquidac,main,NE_TRADICIONAL
2026NE000388,,dashboard_autonomia__empenhos_x_contratos_x_liquidac,main,NE_TRADICIONAL
2026NE000389,,dashboard_autonomia__empenhos_x_contratos_x_liquidac,main,NE_TRADICIONAL
2026NE000391,,dashboard_autonomia__empenhos_x_contratos_x_liquidac,main,NE_TRADICIONAL
2026NE000395,,dashboard_autonomia__empenhos_x_contratos_x_liquidac,main,NE_TRADICIONAL
2026NE000408,,dashboard_autonomia__empenhos_x_contratos_x_liquidac,main,NE_TRADICIONAL
110794000012026NE000002,110794,p_trab_2025_controle_por_dor_executado,main,UG_PREFIXADA
110794000012026NE000003,110794,p_trab_2025_controle_por_dor_executado,main,UG_PREFIXADA
110794000012026NE000004,110794,p_trab_2025_controle_por_dor_executado,main,UG_PREFIXADA
110794000012026NE000001,110794,p_trab_2025_controle_por_dor_executado,main,UG_PREFIXADA
110794000012026NE000001,110794,plano_de_trabalho_2026_executado,main,UG_PREFIXADA
110794000012026NE000002,110794,plano_de_trabalho_2026_executado,main,UG_PREFIXADA
110794000012026NE000003,110794,plano_de_trabalho_2026_executado,main,UG_PREFIXADA
110794000012026NE000004,110794,plano_de_trabalho_2026_executado,main,UG_PREFIXADA
110794000012026NE000005,110794,plano_de_trabalho_2026_executado,main,UG_PREFIXADA
110794000012026NE000006,110794,plano_de_trabalho_2026_executado,main,UG_PREFIXADA
110794000012026NE000007,110794,plano_de_trabalho_2026_executado,main,UG_PREFIXADA
110794000012026NE000008,110794,plano_de_trabalho_2026_executado,main,UG_PREFIXADA
110794000012026NE000009,110794,plano_de_trabalho_2026_executado,main,UG_PREFIXADA
110794000012026NE000010,110794,plano_de_trabalho_2026_executado,main,UG_PREFIXADA
110794000012026NE000011,110794,plano_de_trabalho_2026_executado,main,UG_PREFIXADA
110794000012026NE000012,110794,plano_de_trabalho_2026_executado,main,UG_PREFIXADA
110794000012026NE000013,110794,plano_de_trabalho_2026_executado,main,UG_PREFIXADA
110794000012026NE000014,110794,plano_de_trabalho_2026_executado,main,UG_PREFIXADA
110794000012026NE000015,110794,plano_de_trabalho_2026_executado,main,UG_PREFIXADA
110794000012026NE000016,110794,plano_de_trabalho_2026_executado,main,UG_PREFIXADA
110794000012026NE000017,110794,plano_de_trabalho_2026_executado,main,UG_PREFIXADA
110794000012026NE000018,110794,plano_de_trabalho_2026_executado,main,UG_PREFIXADA
110794000012026NE000019,110794,plano_de_trabalho_2026_executado,main,UG_PREFIXADA
110794000012026NE000020,110794,plano_de_trabalho_2026_executado,main,UG_PREFIXADA
110794000012026NE000021,110794,plano_de_trabalho_2026_executado,main,UG_PREFIXADA
110794000012026NE000022,110794,plano_de_trabalho_2026_executado,main,UG_PREFIXADA
110794000012026NE000023,110794,plano_de_trabalho_2026_executado,main,UG_PREFIXADA
110794000012026NE000024,110794,plano_de_trabalho_2026_executado,main,UG_PREFIXADA
110794000012026NE000025,110794,plano_de_trabalho_2026_executado,main,UG_PREFIXADA
110794000012026NE000026,110794,plano_de_trabalho_2026_executado,main,UG_PREFIXADA
110794000012026NE000027,110794,plano_de_trabalho_2026_executado,main,UG_PREFIXADA
110794000012026NE000028,110794,plano_de_trabalho_2026_executado,main,UG_PREFIXADA
110794000012026NE000029,110794,plano_de_trabalho_2026_executado,main,UG_PREFIXADA
110794000012026NE000030,110794,plano_de_trabalho_2026_executado,main,UG_PREFIXADA
110794000012026NE000031,110794,plano_de_trabalho_2026_executado,main,UG_PREFIXADA
110794000012026NE000032,110794,plano_de_trabalho_2026_executado,main,UG_PREFIXADA
110794000012026NE000033,110794,plano_de_trabalho_2026_executado,main,UG_PREFIXADA
110794000012026NE000034,110794,plano_de_trabalho_2026_executado,main,UG_PREFIXADA
110794000012026NE000035,110794,plano_de_trabalho_2026_executado,main,UG_PREFIXADA
110794000012026NE000036,110794,plano_de_trabalho_2026_executado,main,UG_PREFIXADA
110794000012026NE000037,110794,plano_de_trabalho_2026_executado,main,UG_PREFIXADA
110794000012026NE000038,110794,plano_de_trabalho_2026_executado,main,UG_PREFIXADA
110794000012026NE000039,110794,plano_de_trabalho_2026_executado,main,UG_PREFIXADA
110794000012026NE000040,110794,plano_de_trabalho_2026_executado,main,UG_PREFIXADA
110794000012026NE000041,110794,plano_de_trabalho_2026_executado,main,UG_PREFIXADA
110794000012026NE000042,110794,plano_de_trabalho_2026_executado,main,UG_PREFIXADA
110794000012026NE000043,110794,plano_de_trabalho_2026_executado,main,UG_PREFIXADA
110794000012026NE000044,110794,plano_de_trabalho_2026_executado,main,UG_PREFIXADA
110794000012026NE000045,110794,plano_de_trabalho_2026_executado,main,UG_PREFIXADA
110794000012026NE000046,110794,plano_de_trabalho_2026_executado,main,UG_PREFIXADA
110794000012026NE000047,110794,plano_de_trabalho_2026_executado,main,UG_PREFIXADA
110794000012026NE000048,110794,plano_de_trabalho_2026_executado,main,UG_PREFIXADA
110794000012026NE000049,110794,plano_de_trabalho_2026_executado,main,UG_PREFIXADA
110794000012026NE000050,110794,plano_de_trabalho_2026_executado,main,UG_PREFIXADA
110794000012026NE000051,110794,plano_de_trabalho_2026_executado,main,UG_PREFIXADA
110794000012026NE000052,110794,plano_de_trabalho_2026_executado,main,UG_PREFIXADA
110794000012026NE000053,110794,plano_de_trabalho_2026_executado,main,UG_PREFIXADA
110794000012026NE000054,110794,plano_de_trabalho_2026_executado,main,UG_PREFIXADA
110794000012026NE000055,110794,plano_de_trabalho_2026_executado,main,UG_PREFIXADA
110794000012026NE000056,110794,plano_de_trabalho_2026_executado,main,UG_PREFIXADA
110794000012026NE000057,110794,plano_de_trabalho_2026_executado,main,UG_PREFIXADA
110794000012026NE000058,110794,plano_de_trabalho_2026_executado,main,UG_PREFIXADA
110794000012026NE000059,110794,plano_de_trabalho_2026_executado,main,UG_PREFIXADA
110794000012026NE000060,110794,plano_de_trabalho_2026_executado,main,UG_PREFIXADA
110794000012026NE000061,110794,plano_de_trabalho_2026_executado,main,UG_PREFIXADA
110794000012026NE000062,110794,plano_de_trabalho_2026_executado,main,UG_PREFIXADA
110794000012026NE000063,110794,plano_de_trabalho_2026_executado,main,UG_PREFIXADA
110794000012026NE000064,110794,plano_de_trabalho_2026_executado,main,UG_PREFIXADA
110794000012026NE000065,110794,plano_de_trabalho_2026_executado,main,UG_PREFIXADA
110794000012026NE000066,110794,plano_de_trabalho_2026_executado,main,UG_PREFIXADA
110794000012026NE000067,110794,plano_de_trabalho_2026_executado,main,UG_PREFIXADA
110794000012026NE000068,110794,plano_de_trabalho_2026_executado,main,UG_PREFIXADA
110794000012026NE000069,110794,plano_de_trabalho_2026_executado,main,UG_PREFIXADA
110794000012026NE000070,110794,plano_de_trabalho_2026_executado,main,UG_PREFIXADA
110794000012026NE000071,110794,plano_de_trabalho_2026_executado,main,UG_PREFIXADA
110794000012026NE000072,110794,plano_de_trabalho_2026_executado,main,UG_PREFIXADA
110794000012026NE000073,110794,plano_de_trabalho_2026_executado,main,UG_PREFIXADA
110794000012026NE000074,110794,plano_de_trabalho_2026_executado,main,UG_PREFIXADA
110794000012026NE000075,110794,plano_de_trabalho_2026_executado,main,UG_PREFIXADA
110794000012026NE000076,110794,plano_de_trabalho_2026_executado,main,UG_PREFIXADA
110794000012026NE000077,110794,plano_de_trabalho_2026_executado,main,UG_PREFIXADA
110794000012026NE000078,110794,plano_de_trabalho_2026_executado,main,UG_PREFIXADA
110794000012026NE000079,110794,plano_de_trabalho_2026_executado,main,UG_PREFIXADA
110794000012026NE000080,110794,plano_de_trabalho_2026_executado,main,UG_PREFIXADA
110794000012026NE000081,110794,plano_de_trabalho_2026_executado,main,UG_PREFIXADA
110794000012026NE000082,110794,plano_de_trabalho_2026_executado,main,UG_PREFIXADA
110794000012026NE000083,110794,plano_de_trabalho_2026_executado,main,UG_PREFIXADA
110794000012026NE000084,110794,plano_de_trabalho_2026_executado,main,UG_PREFIXADA
110794000012026NE000085,110794,plano_de_trabalho_2026_executado,main,UG_PREFIXADA
110794000012026NE000086,110794,plano_de_trabalho_2026_executado,main,UG_PREFIXADA
110794000012026NE000087,110794,plano_de_trabalho_2026_executado,main,UG_PREFIXADA
110794000012026NE000088,110794,plano_de_trabalho_2026_executado,main,UG_PREFIXADA
110794000012026NE000089,110794,plano_de_trabalho_2026_executado,main,UG_PREFIXADA
110794000012026NE000090,110794,plano_de_trabalho_2026_executado,main,UG_PREFIXADA
110794000012026NE000091,110794,plano_de_trabalho_2026_executado,main,UG_PREFIXADA
110794000012026NE000092,110794,plano_de_trabalho_2026_executado,main,UG_PREFIXADA
110794000012026NE000093,110794,plano_de_trabalho_2026_executado,main,UG_PREFIXADA
110794000012026NE000094,110794,plano_de_trabalho_2026_executado,main,UG_PREFIXADA
110794000012026NE000095,110794,plano_de_trabalho_2026_executado,main,UG_PREFIXADA
110794000012026NE000096,110794,plano_de_trabalho_2026_executado,main,UG_PREFIXADA
110794000012026NE000097,110794,plano_de_trabalho_2026_executado,main,UG_PREFIXADA
110794000012026NE000098,110794,plano_de_trabalho_2026_executado,main,UG_PREFIXADA
110794000012026NE000099,110794,plano_de_trabalho_2026_executado,main,UG_PREFIXADA
110794000012026NE000100,110794,plano_de_trabalho_2026_executado,main,UG_PREFIXADA
110794000012026NE000101,110794,plano_de_trabalho_2026_executado,main,UG_PREFIXADA
110794000012026NE000102,110794,plano_de_trabalho_2026_executado,main,UG_PREFIXADA
110794000012026NE000103,110794,plano_de_trabalho_2026_executado,main,UG_PREFIXADA
110794000012026NE000104,110794,plano_de_trabalho_2026_executado,main,UG_PREFIXADA
110794000012026NE000105,110794,plano_de_trabalho_2026_executado,main,UG_PREFIXADA
110794000012026NE000106,110794,plano_de_trabalho_2026_executado,main,UG_PREFIXADA
110794000012026NE000107,110794,plano_de_trabalho_2026_executado,main,UG_PREFIXADA
110794000012026NE000108,110794,plano_de_trabalho_2026_executado,main,UG_PREFIXADA
110794000012026NE000109,110794,plano_de_trabalho_2026_executado,main,UG_PREFIXADA
110794000012026NE000110,110794,plano_de_trabalho_2026_executado,main,UG_PREFIXADA
110794000012026NE000111,110794,plano_de_trabalho_2026_executado,main,UG_PREFIXADA
110794000012026NE000112,110794,plano_de_trabalho_2026_executado,main,UG_PREFIXADA
110794000012026NE000113,110794,plano_de_trabalho_2026_executado,main,UG_PREFIXADA
110794000012026NE000114,110794,plano_de_trabalho_2026_executado,main,UG_PREFIXADA
110794000012026NE000115,110794,plano_de_trabalho_2026_executado,main,UG_PREFIXADA
110794000012026NE000116,110794,plano_de_trabalho_2026_executado,main,UG_PREFIXADA
110794000012026NE000117,110794,plano_de_trabalho_2026_executado,main,UG_PREFIXADA
110794000012026NE000118,110794,plano_de_trabalho_2026_executado,main,UG_PREFIXADA
110794000012026NE000119,110794,plano_de_trabalho_2026_executado,main,UG_PREFIXADA
110794000012026NE000120,110794,plano_de_trabalho_2026_executado,main,UG_PREFIXADA
110794000012026NE000121,110794,plano_de_trabalho_2026_executado,main,UG_PREFIXADA
110794000012026NE000122,110794,plano_de_trabalho_2026_executado,main,UG_PREFIXADA
110794000012026NE000123,110794,plano_de_trabalho_2026_executado,main,UG_PREFIXADA
110794000012026NE000124,110794,plano_de_trabalho_2026_executado,main,UG_PREFIXADA
110794000012026NE000125,110794,plano_de_trabalho_2026_executado,main,UG_PREFIXADA
110794000012026NE000126,110794,plano_de_trabalho_2026_executado,main,UG_PREFIXADA
110794000012026NE000127,110794,plano_de_trabalho_2026_executado,main,UG_PREFIXADA
110794000012026NE000128,110794,plano_de_trabalho_2026_executado,main,UG_PREFIXADA
110794000012026NE000129,110794,plano_de_trabalho_2026_executado,main,UG_PREFIXADA
110794000012026NE000130,110794,plano_de_trabalho_2026_executado,main,UG_PREFIXADA
110794000012026NE000131,110794,plano_de_trabalho_2026_executado,main,UG_PREFIXADA
110794000012026NE000132,110794,plano_de_trabalho_2026_executado,main,UG_PREFIXADA
110794000012026NE000133,110794,plano_de_trabalho_2026_executado,main,UG_PREFIXADA
110794000012026NE000134,110794,plano_de_trabalho_2026_executado,main,UG_PREFIXADA
110794000012026NE000135,110794,plano_de_trabalho_2026_executado,main,UG_PREFIXADA
110794000012026NE000136,110794,plano_de_trabalho_2026_executado,main,UG_PREFIXADA
110794000012026NE000137,110794,plano_de_trabalho_2026_executado,main,UG_PREFIXADA
110794000012026NE000138,110794,plano_de_trabalho_2026_executado,main,UG_PREFIXADA
110794000012026NE000139,110794,plano_de_trabalho_2026_executado,main,UG_PREFIXADA
110794000012026NE000140,110794,plano_de_trabalho_2026_executado,main,UG_PREFIXADA
110794000012026NE000141,110794,plano_de_trabalho_2026_executado,main,UG_PREFIXADA
110794000012026NE000142,110794,plano_de_trabalho_2026_executado,main,UG_PREFIXADA
110794000012026NE000143,110794,plano_de_trabalho_2026_executado,main,UG_PREFIXADA
110794000012026NE000144,110794,plano_de_trabalho_2026_executado,main,UG_PREFIXADA
110794000012026NE000145,110794,plano_de_trabalho_2026_executado,main,UG_PREFIXADA
110794000012026NE000146,110794,plano_de_trabalho_2026_executado,main,UG_PREFIXADA
110794000012026NE000147,110794,plano_de_trabalho_2026_executado,main,UG_PREFIXADA
110794000012026NE000148,110794,plano_de_trabalho_2026_executado,main,UG_PREFIXADA
110794000012026NE000149,110794,plano_de_trabalho_2026_executado,main,UG_PREFIXADA
110794000012026NE000150,110794,plano_de_trabalho_2026_executado,main,UG_PREFIXADA
110794000012026NE000151,110794,plano_de_trabalho_2026_executado,main,UG_PREFIXADA
110794000012026NE000152,110794,plano_de_trabalho_2026_executado,main,UG_PREFIXADA
110794000012026NE000153,110794,plano_de_trabalho_2026_executado,main,UG_PREFIXADA
110794000012026NE000154,110794,plano_de_trabalho_2026_executado,main,UG_PREFIXADA
110794000012026NE000155,110794,plano_de_trabalho_2026_executado,main,UG_PREFIXADA
110794000012026NE000156,110794,plano_de_trabalho_2026_executado,main,UG_PREFIXADA
110794000012026NE000157,110794,plano_de_trabalho_2026_executado,main,UG_PREFIXADA
110794000012026NE000158,110794,plano_de_trabalho_2026_executado,main,UG_PREFIXADA
110794000012026NE000159,110794,plano_de_trabalho_2026_executado,main,UG_PREFIXADA
110794000012026NE000160,110794,plano_de_trabalho_2026_executado,main,UG_PREFIXADA
110794000012026NE000161,110794,plano_de_trabalho_2026_executado,main,UG_PREFIXADA
110794000012026NE000162,110794,plano_de_trabalho_2026_executado,main,UG_PREFIXADA
110794000012026NE000163,110794,plano_de_trabalho_2026_executado,main,UG_PREFIXADA
110794000012026NE000164,110794,plano_de_trabalho_2026_executado,main,UG_PREFIXADA
110794000012026NE000165,110794,plano_de_trabalho_2026_executado,main,UG_PREFIXADA
110794000012026NE000166,110794,plano_de_trabalho_2026_executado,main,UG_PREFIXADA
110794000012026NE000167,110794,plano_de_trabalho_2026_executado,main,UG_PREFIXADA
110794000012026NE000168,110794,plano_de_trabalho_2026_executado,main,UG_PREFIXADA
110794000012026NE000169,110794,plano_de_trabalho_2026_executado,main,UG_PREFIXADA
110794000012026NE000170,110794,plano_de_trabalho_2026_executado,main,UG_PREFIXADA
110794000012026NE000171,110794,plano_de_trabalho_2026_executado,main,UG_PREFIXADA
110794000012026NE000172,110794,plano_de_trabalho_2026_executado,main,UG_PREFIXADA
110794000012026NE000173,110794,plano_de_trabalho_2026_executado,main,UG_PREFIXADA
110794000012026NE000174,110794,plano_de_trabalho_2026_executado,main,UG_PREFIXADA
110794000012026NE000175,110794,plano_de_trabalho_2026_executado,main,UG_PREFIXADA
110794000012026NE000176,110794,plano_de_trabalho_2026_executado,main,UG_PREFIXADA
110794000012026NE000177,110794,plano_de_trabalho_2026_executado,main,UG_PREFIXADA
110794000012026NE000178,110794,plano_de_trabalho_2026_executado,main,UG_PREFIXADA
110794000012026NE000179,110794,plano_de_trabalho_2026_executado,main,UG_PREFIXADA
110794000012026NE000180,110794,plano_de_trabalho_2026_executado,main,UG_PREFIXADA
110794000012026NE000181,110794,plano_de_trabalho_2026_executado,main,UG_PREFIXADA
110794000012026NE000182,110794,plano_de_trabalho_2026_executado,main,UG_PREFIXADA
110794000012026NE000183,110794,plano_de_trabalho_2026_executado,main,UG_PREFIXADA
110794000012026NE000184,110794,plano_de_trabalho_2026_executado,main,UG_PREFIXADA
110794000012026NE000185,110794,plano_de_trabalho_2026_executado,main,UG_PREFIXADA
110794000012026NE000186,110794,plano_de_trabalho_2026_executado,main,UG_PREFIXADA
110794000012026NE000187,110794,plano_de_trabalho_2026_executado,main,UG_PREFIXADA
110794000012026NE000188,110794,plano_de_trabalho_2026_executado,main,UG_PREFIXADA
110794000012026NE000189,110794,plano_de_trabalho_2026_executado,main,UG_PREFIXADA
110794000012026NE000190,110794,plano_de_trabalho_2026_executado,main,UG_PREFIXADA
110794000012026NE000191,110794,plano_de_trabalho_2026_executado,main,UG_PREFIXADA
110794000012026NE000192,110794,plano_de_trabalho_2026_executado,main,UG_PREFIXADA
110794000012026NE000193,110794,plano_de_trabalho_2026_executado,main,UG_PREFIXADA
110794000012026NE000194,110794,plano_de_trabalho_2026_executado,main,UG_PREFIXADA
110794000012026NE000195,110794,plano_de_trabalho_2026_executado,main,UG_PREFIXADA
110794000012026NE000196,110794,plano_de_trabalho_2026_executado,main,UG_PREFIXADA
110794000012026NE000197,110794,plano_de_trabalho_2026_executado,main,UG_PREFIXADA
110794000012026NE000198,110794,plano_de_trabalho_2026_executado,main,UG_PREFIXADA
110794000012026NE000199,110794,plano_de_trabalho_2026_executado,main,UG_PREFIXADA
110794000012026NE000200,110794,plano_de_trabalho_2026_executado,main,UG_PREFIXADA
110794000012026NE000201,110794,plano_de_trabalho_2026_executado,main,UG_PREFIXADA
110794000012026NE000202,110794,plano_de_trabalho_2026_executado,main,UG_PREFIXADA
110794000012026NE000203,110794,plano_de_trabalho_2026_executado,main,UG_PREFIXADA
110794000012026NE000204,110794,plano_de_trabalho_2026_executado,main,UG_PREFIXADA
110794000012026NE000205,110794,plano_de_trabalho_2026_executado,main,UG_PREFIXADA
110794000012026NE000206,110794,plano_de_trabalho_2026_executado,main,UG_PREFIXADA
110794000012026NE000207,110794,plano_de_trabalho_2026_executado,main,UG_PREFIXADA
110794000012026NE000208,110794,plano_de_trabalho_2026_executado,main,UG_PREFIXADA
110794000012026NE000209,110794,plano_de_trabalho_2026_executado,main,UG_PREFIXADA
110794000012026NE000210,110794,plano_de_trabalho_2026_executado,main,UG_PREFIXADA
110794000012026NE000211,110794,plano_de_trabalho_2026_executado,main,UG_PREFIXADA
110794000012026NE000212,110794,plano_de_trabalho_2026_executado,main,UG_PREFIXADA
110794000012026NE000213,110794,plano_de_trabalho_2026_executado,main,UG_PREFIXADA
110794000012026NE000214,110794,plano_de_trabalho_2026_executado,main,UG_PREFIXADA
110794000012026NE000215,110794,plano_de_trabalho_2026_executado,main,UG_PREFIXADA
110794000012026NE000216,110794,plano_de_trabalho_2026_executado,main,UG_PREFIXADA
110794000012026NE000217,110794,plano_de_trabalho_2026_executado,main,UG_PREFIXADA
110794000012026NE000218,110794,plano_de_trabalho_2026_executado,main,UG_PREFIXADA
110794000012026NE000219,110794,plano_de_trabalho_2026_executado,main,UG_PREFIXADA
110794000012026NE000220,110794,plano_de_trabalho_2026_executado,main,UG_PREFIXADA
110794000012026NE000221,110794,plano_de_trabalho_2026_executado,main,UG_PREFIXADA
110794000012026NE000222,110794,plano_de_trabalho_2026_executado,main,UG_PREFIXADA
110794000012026NE000223,110794,plano_de_trabalho_2026_executado,main,UG_PREFIXADA
110794000012026NE000224,110794,plano_de_trabalho_2026_executado,main,UG_PREFIXADA
110794000012026NE000225,110794,plano_de_trabalho_2026_executado,main,UG_PREFIXADA
110794000012026NE000226,110794,plano_de_trabalho_2026_executado,main,UG_PREFIXADA
110794000012026NE000227,110794,plano_de_trabalho_2026_executado,main,UG_PREFIXADA
110794000012026NE000228,110794,plano_de_trabalho_2026_executado,main,UG_PREFIXADA
110794000012026NE000229,110794,plano_de_trabalho_2026_executado,main,UG_PREFIXADA
110794000012026NE000230,110794,plano_de_trabalho_2026_executado,main,UG_PREFIXADA
110794000012026NE000231,110794,plano_de_trabalho_2026_executado,main,UG_PREFIXADA
110794000012026NE000232,110794,plano_de_trabalho_2026_executado,main,UG_PREFIXADA
110794000012026NE000233,110794,plano_de_trabalho_2026_executado,main,UG_PREFIXADA
110794000012026NE000234,110794,plano_de_trabalho_2026_executado,main,UG_PREFIXADA
110794000012026NE000235,110794,plano_de_trabalho_2026_executado,main,UG_PREFIXADA
110794000012026NE000236,110794,plano_de_trabalho_2026_executado,main,UG_PREFIXADA
110794000012026NE000237,110794,plano_de_trabalho_2026_executado,main,UG_PREFIXADA
110794000012026NE000238,110794,plano_de_trabalho_2026_executado,main,UG_PREFIXADA
110794000012026NE000239,110794,plano_de_trabalho_2026_executado,main,UG_PREFIXADA
110794000012026NE000240,110794,plano_de_trabalho_2026_executado,main,UG_PREFIXADA
110794000012026NE000241,110794,plano_de_trabalho_2026_executado,main,UG_PREFIXADA
110794000012026NE000242,110794,plano_de_trabalho_2026_executado,main,UG_PREFIXADA
110794000012026NE000243,110794,plano_de_trabalho_2026_executado,main,UG_PREFIXADA
110794000012026NE000244,110794,plano_de_trabalho_2026_executado,main,UG_PREFIXADA
110794000012026NE000245,110794,plano_de_trabalho_2026_executado,main,UG_PREFIXADA
110794000012026NE000246,110794,plano_de_trabalho_2026_executado,main,UG_PREFIXADA
110794000012026NE000247,110794,plano_de_trabalho_2026_executado,main,UG_PREFIXADA
110794000012026NE000248,110794,plano_de_trabalho_2026_executado,main,UG_PREFIXADA
110794000012026NE000249,110794,plano_de_trabalho_2026_executado,main,UG_PREFIXADA
110794000012026NE000250,110794,plano_de_trabalho_2026_executado,main,UG_PREFIXADA
110794000012026NE000251,110794,plano_de_trabalho_2026_executado,main,UG_PREFIXADA
110794000012026NE000252,110794,plano_de_trabalho_2026_executado,main,UG_PREFIXADA
110794000012026NE000253,110794,plano_de_trabalho_2026_executado,main,UG_PREFIXADA
110794000012026NE000254,110794,plano_de_trabalho_2026_executado,main,UG_PREFIXADA
110794000012026NE000255,110794,plano_de_trabalho_2026_executado,main,UG_PREFIXADA
110794000012026NE000256,110794,plano_de_trabalho_2026_executado,main,UG_PREFIXADA
110794000012026NE000257,110794,plano_de_trabalho_2026_executado,main,UG_PREFIXADA
110794000012026NE000258,110794,plano_de_trabalho_2026_executado,main,UG_PREFIXADA
110794000012026NE000259,110794,plano_de_trabalho_2026_executado,main,UG_PREFIXADA
110794000012026NE000260,110794,plano_de_trabalho_2026_executado,main,UG_PREFIXADA
110794000012026NE000261,110794,plano_de_trabalho_2026_executado,main,UG_PREFIXADA
110794000012026NE000262,110794,plano_de_trabalho_2026_executado,main,UG_PREFIXADA
110794000012026NE000263,110794,plano_de_trabalho_2026_executado,main,UG_PREFIXADA
110794000012026NE000264,110794,plano_de_trabalho_2026_executado,main,UG_PREFIXADA
110794000012026NE000265,110794,plano_de_trabalho_2026_executado,main,UG_PREFIXADA
110794000012026NE000266,110794,plano_de_trabalho_2026_executado,main,UG_PREFIXADA
110794000012026NE000267,110794,plano_de_trabalho_2026_executado,main,UG_PREFIXADA
110794000012026NE000268,110794,plano_de_trabalho_2026_executado,main,UG_PREFIXADA
110794000012026NE000269,110794,plano_de_trabalho_2026_executado,main,UG_PREFIXADA
110794000012026NE000270,110794,plano_de_trabalho_2026_executado,main,UG_PREFIXADA
110794000012026NE000271,110794,plano_de_trabalho_2026_executado,main,UG_PREFIXADA
110794000012026NE000272,110794,plano_de_trabalho_2026_executado,main,UG_PREFIXADA
110794000012026NE000273,110794,plano_de_trabalho_2026_executado,main,UG_PREFIXADA
110794000012026NE000274,110794,plano_de_trabalho_2026_executado,main,UG_PREFIXADA
110794000012026NE000275,110794,plano_de_trabalho_2026_executado,main,UG_PREFIXADA
110794000012026NE000276,110794,plano_de_trabalho_2026_executado,main,UG_PREFIXADA
110794000012026NE000277,110794,plano_de_trabalho_2026_executado,main,UG_PREFIXADA
110794000012026NE000278,110794,plano_de_trabalho_2026_executado,main,UG_PREFIXADA
110794000012026NE000279,110794,plano_de_trabalho_2026_executado,main,UG_PREFIXADA
110794000012026NE000280,110794,plano_de_trabalho_2026_executado,main,UG_PREFIXADA
110794000012026NE000281,110794,plano_de_trabalho_2026_executado,main,UG_PREFIXADA
110794000012026NE000282,110794,plano_de_trabalho_2026_executado,main,UG_PREFIXADA
110794000012026NE000283,110794,plano_de_trabalho_2026_executado,main,UG_PREFIXADA
110794000012026NE000284,110794,plano_de_trabalho_2026_executado,main,UG_PREFIXADA
110794000012026NE000285,110794,plano_de_trabalho_2026_executado,main,UG_PREFIXADA
110794000012026NE000286,110794,plano_de_trabalho_2026_executado,main,UG_PREFIXADA
110794000012026NE000287,110794,plano_de_trabalho_2026_executado,main,UG_PREFIXADA
110794000012026NE000288,110794,plano_de_trabalho_2026_executado,main,UG_PREFIXADA
110794000012026NE000289,110794,plano_de_trabalho_2026_executado,main,UG_PREFIXADA
110794000012026NE000290,110794,plano_de_trabalho_2026_executado,main,UG_PREFIXADA
110794000012026NE000291,110794,plano_de_trabalho_2026_executado,main,UG_PREFIXADA
110794000012026NE000292,110794,plano_de_trabalho_2026_executado,main,UG_PREFIXADA
110794000012026NE000293,110794,plano_de_trabalho_2026_executado,main,UG_PREFIXADA
110794000012026NE000294,110794,plano_de_trabalho_2026_executado,main,UG_PREFIXADA
110794000012026NE000295,110794,plano_de_trabalho_2026_executado,main,UG_PREFIXADA
110794000012026NE000296,110794,plano_de_trabalho_2026_executado,main,UG_PREFIXADA
110794000012026NE000297,110794,plano_de_trabalho_2026_executado,main,UG_PREFIXADA
110794000012026NE000298,110794,plano_de_trabalho_2026_executado,main,UG_PREFIXADA
110794000012026NE000299,110794,plano_de_trabalho_2026_executado,main,UG_PREFIXADA
110794000012026NE000300,110794,plano_de_trabalho_2026_executado,main,UG_PREFIXADA
110794000012026NE000301,110794,plano_de_trabalho_2026_executado,main,UG_PREFIXADA
110794000012026NE000302,110794,plano_de_trabalho_2026_executado,main,UG_PREFIXADA
110794000012026NE000303,110794,plano_de_trabalho_2026_executado,main,UG_PREFIXADA
110794000012026NE000304,110794,plano_de_trabalho_2026_executado,main,UG_PREFIXADA
110794000012026NE000305,110794,plano_de_trabalho_2026_executado,main,UG_PREFIXADA
110794000012026NE000306,110794,plano_de_trabalho_2026_executado,main,UG_PREFIXADA
110794000012026NE000307,110794,plano_de_trabalho_2026_executado,main,UG_PREFIXADA
110794000012026NE000308,110794,plano_de_trabalho_2026_executado,main,UG_PREFIXADA
110794000012026NE000309,110794,plano_de_trabalho_2026_executado,main,UG_PREFIXADA
110794000012026NE000310,110794,plano_de_trabalho_2026_executado,main,UG_PREFIXADA
110794000012026NE000311,110794,plano_de_trabalho_2026_executado,main,UG_PREFIXADA
110794000012026NE000312,110794,plano_de_trabalho_2026_executado,main,UG_PREFIXADA
110794000012026NE000313,110794,plano_de_trabalho_2026_executado,main,UG_PREFIXADA
110794000012026NE000314,110794,plano_de_trabalho_2026_executado,main,UG_PREFIXADA
110794000012026NE000315,110794,plano_de_trabalho_2026_executado,main,UG_PREFIXADA
110794000012026NE000316,110794,plano_de_trabalho_2026_executado,main,UG_PREFIXADA
110794000012026NE000317,110794,plano_de_trabalho_2026_executado,main,UG_PREFIXADA
110794000012026NE000318,110794,plano_de_trabalho_2026_executado,main,UG_PREFIXADA
110794000012026NE000319,110794,plano_de_trabalho_2026_executado,main,UG_PREFIXADA
110794000012026NE000320,110794,plano_de_trabalho_2026_executado,main,UG_PREFIXADA
110794000012026NE000321,110794,plano_de_trabalho_2026_executado,main,UG_PREFIXADA
110794000012026NE000322,110794,plano_de_trabalho_2026_executado,main,UG_PREFIXADA
110794000012026NE000323,110794,plano_de_trabalho_2026_executado,main,UG_PREFIXADA
110794000012026NE000324,110794,plano_de_trabalho_2026_executado,main,UG_PREFIXADA
110794000012026NE000325,110794,plano_de_trabalho_2026_executado,main,UG_PREFIXADA
110794000012026NE000326,110794,plano_de_trabalho_2026_executado,main,UG_PREFIXADA
110794000012026NE000327,110794,plano_de_trabalho_2026_executado,main,UG_PREFIXADA
110794000012026NE000328,110794,plano_de_trabalho_2026_executado,main,UG_PREFIXADA
110794000012026NE000329,110794,plano_de_trabalho_2026_executado,main,UG_PREFIXADA
110794000012026NE000330,110794,plano_de_trabalho_2026_executado,main,UG_PREFIXADA
110794000012026NE000331,110794,plano_de_trabalho_2026_executado,main,UG_PREFIXADA
110794000012026NE000332,110794,plano_de_trabalho_2026_executado,main,UG_PREFIXADA
110794000012026NE000333,110794,plano_de_trabalho_2026_executado,main,UG_PREFIXADA
110794000012026NE000334,110794,plano_de_trabalho_2026_executado,main,UG_PREFIXADA
110794000012026NE000335,110794,plano_de_trabalho_2026_executado,main,UG_PREFIXADA
110794000012026NE000336,110794,plano_de_trabalho_2026_executado,main,UG_PREFIXADA
110794000012026NE000337,110794,plano_de_trabalho_2026_executado,main,UG_PREFIXADA
110794000012026NE000338,110794,plano_de_trabalho_2026_executado,main,UG_PREFIXADA
110794000012026NE000339,110794,plano_de_trabalho_2026_executado,main,UG_PREFIXADA
110794000012026NE000340,110794,plano_de_trabalho_2026_executado,main,UG_PREFIXADA
110794000012026NE000341,110794,plano_de_trabalho_2026_executado,main,UG_PREFIXADA
110794000012026NE000342,110794,plano_de_trabalho_2026_executado,main,UG_PREFIXADA
110794000012026NE000343,110794,plano_de_trabalho_2026_executado,main,UG_PREFIXADA
110794000012026NE000344,110794,plano_de_trabalho_2026_executado,main,UG_PREFIXADA
110794000012026NE000345,110794,plano_de_trabalho_2026_executado,main,UG_PREFIXADA
110794000012026NE000346,110794,plano_de_trabalho_2026_executado,main,UG_PREFIXADA
110794000012026NE000347,110794,plano_de_trabalho_2026_executado,main,UG_PREFIXADA
110794000012026NE000348,110794,plano_de_trabalho_2026_executado,main,UG_PREFIXADA
110794000012026NE000349,110794,plano_de_trabalho_2026_executado,main,UG_PREFIXADA
110794000012026NE000350,110794,plano_de_trabalho_2026_executado,main,UG_PREFIXADA
110794000012026NE000351,110794,plano_de_trabalho_2026_executado,main,UG_PREFIXADA
110794000012026NE000352,110794,plano_de_trabalho_2026_executado,main,UG_PREFIXADA
110794000012026NE000353,110794,plano_de_trabalho_2026_executado,main,UG_PREFIXADA
110794000012026NE000354,110794,plano_de_trabalho_2026_executado,main,UG_PREFIXADA
110794000012026NE000355,110794,plano_de_trabalho_2026_executado,main,UG_PREFIXADA
110794000012026NE000356,110794,plano_de_trabalho_2026_executado,main,UG_PREFIXADA
110794000012026NE000357,110794,plano_de_trabalho_2026_executado,main,UG_PREFIXADA
110794000012026NE000358,110794,plano_de_trabalho_2026_executado,main,UG_PREFIXADA
110794000012026NE000359,110794,plano_de_trabalho_2026_executado,main,UG_PREFIXADA
110794000012026NE000360,110794,plano_de_trabalho_2026_executado,main,UG_PREFIXADA
110794000012026NE000361,110794,plano_de_trabalho_2026_executado,main,UG_PREFIXADA
110794000012026NE000362,110794,plano_de_trabalho_2026_executado,main,UG_PREFIXADA
110794000012026NE000363,110794,plano_de_trabalho_2026_executado,main,UG_PREFIXADA
110794000012026NE000364,110794,plano_de_trabalho_2026_executado,main,UG_PREFIXADA
110794000012026NE000365,110794,plano_de_trabalho_2026_executado,main,UG_PREFIXADA
110794000012026NE000366,110794,plano_de_trabalho_2026_executado,main,UG_PREFIXADA
110794000012026NE000367,110794,plano_de_trabalho_2026_executado,main,UG_PREFIXADA
110794000012026NE000368,110794,plano_de_trabalho_2026_executado,main,UG_PREFIXADA
110794000012026NE000369,110794,plano_de_trabalho_2026_executado,main,UG_PREFIXADA
110794000012026NE000370,110794,plano_de_trabalho_2026_executado,main,UG_PREFIXADA
110794000012026NE000371,110794,plano_de_trabalho_2026_executado,main,UG_PREFIXADA
110794000012026NE000372,110794,plano_de_trabalho_2026_executado,main,UG_PREFIXADA
110794000012026NE000373,110794,plano_de_trabalho_2026_executado,main,UG_PREFIXADA
110794000012026NE000374,110794,plano_de_trabalho_2026_executado,main,UG_PREFIXADA
110794000012026NE000375,110794,plano_de_trabalho_2026_executado,main,UG_PREFIXADA
110794000012026NE000376,110794,plano_de_trabalho_2026_executado,main,UG_PREFIXADA
110794000012026NE000377,110794,plano_de_trabalho_2026_executado,main,UG_PREFIXADA
110794000012026NE000378,110794,plano_de_trabalho_2026_executado,main,UG_PREFIXADA
110794000012026NE000379,110794,plano_de_trabalho_2026_executado,main,UG_PREFIXADA
110794000012026NE000380,110794,plano_de_trabalho_2026_executado,main,UG_PREFIXADA
110794000012026NE000381,110794,plano_de_trabalho_2026_executado,main,UG_PREFIXADA
110794000012026NE000382,110794,plano_de_trabalho_2026_executado,main,UG_PREFIXADA
110794000012026NE000383,110794,plano_de_trabalho_2026_executado,main,UG_PREFIXADA
110794000012026NE000384,110794,plano_de_trabalho_2026_executado,main,UG_PREFIXADA
110794000012026NE000385,110794,plano_de_trabalho_2026_executado,main,UG_PREFIXADA
110794000012026NE000386,110794,plano_de_trabalho_2026_executado,main,UG_PREFIXADA
110794000012026NE000387,110794,plano_de_trabalho_2026_executado,main,UG_PREFIXADA
110794000012026NE000388,110794,plano_de_trabalho_2026_executado,main,UG_PREFIXADA
110794000012026NE000389,110794,plano_de_trabalho_2026_executado,main,UG_PREFIXADA
110794000012026NE000390,110794,plano_de_trabalho_2026_executado,main,UG_PREFIXADA
110794000012026NE000391,110794,plano_de_trabalho_2026_executado,main,UG_PREFIXADA
110794000012026NE000392,110794,plano_de_trabalho_2026_executado,main,UG_PREFIXADA
110794000012026NE000393,110794,plano_de_trabalho_2026_executado,main,UG_PREFIXADA
110794000012026NE000394,110794,plano_de_trabalho_2026_executado,main,UG_PREFIXADA
110794000012026NE000395,110794,plano_de_trabalho_2026_executado,main,UG_PREFIXADA
110794000012026NE000396,110794,plano_de_trabalho_2026_executado,main,UG_PREFIXADA
110794000012026NE000397,110794,plano_de_trabalho_2026_executado,main,UG_PREFIXADA
110794000012026NE000398,110794,plano_de_trabalho_2026_executado,main,UG_PREFIXADA
110794000012026NE000399,110794,plano_de_trabalho_2026_executado,main,UG_PREFIXADA
110794000012026NE000400,110794,plano_de_trabalho_2026_executado,main,UG_PREFIXADA
110794000012026NE000401,110794,plano_de_trabalho_2026_executado,main,UG_PREFIXADA
110794000012026NE000402,110794,plano_de_trabalho_2026_executado,main,UG_PREFIXADA
110794000012026NE000403,110794,plano_de_trabalho_2026_executado,main,UG_PREFIXADA
110794000012026NE000404,110794,plano_de_trabalho_2026_executado,main,UG_PREFIXADA
110794000012026NE000405,110794,plano_de_trabalho_2026_executado,main,UG_PREFIXADA
110794000012026NE000406,110794,plano_de_trabalho_2026_executado,main,UG_PREFIXADA
110794000012026NE000407,110794,plano_de_trabalho_2026_executado,main,UG_PREFIXADA
110794000012026NE000408,110794,plano_de_trabalho_2026_executado,main,UG_PREFIXADA
110794000012026NE000409,110794,plano_de_trabalho_2026_executado,main,UG_PREFIXADA
110794000012026NE000410,110794,plano_de_trabalho_2026_executado,main,UG_PREFIXADA
110794000012026NE000411,110794,plano_de_trabalho_2026_executado,main,UG_PREFIXADA
110794000012026NE000412,110794,plano_de_trabalho_2026_executado,main,UG_PREFIXADA
110794000012026NE000413,110794,plano_de_trabalho_2026_executado,main,UG_PREFIXADA
110794000012026NE000414,110794,plano_de_trabalho_2026_executado,main,UG_PREFIXADA
110794000012026NE000415,110794,plano_de_trabalho_2026_executado,main,UG_PREFIXADA
110794000012026NE000416,110794,plano_de_trabalho_2026_executado,main,UG_PREFIXADA
110794000012026NE000417,110794,plano_de_trabalho_2026_executado,main,UG_PREFIXADA
110794000012026NE000418,110794,plano_de_trabalho_2026_executado,main,UG_PREFIXADA
110794000012026NE000419,110794,plano_de_trabalho_2026_executado,main,UG_PREFIXADA
110794000012026NE000420,110794,plano_de_trabalho_2026_executado,main,UG_PREFIXADA
110794000012026NE000421,110794,plano_de_trabalho_2026_executado,main,UG_PREFIXADA
110794000012026NE000422,110794,plano_de_trabalho_2026_executado,main,UG_PREFIXADA
110794000012026NE000423,110794,plano_de_trabalho_2026_executado,main,UG_PREFIXADA
110794000012026NE000424,110794,plano_de_trabalho_2026_executado,main,UG_PREFIXADA
110794000012026NE000425,110794,plano_de_trabalho_2026_executado,main,UG_PREFIXADA
110794000012026NE000426,110794,plano_de_trabalho_2026_executado,main,UG_PREFIXADA
110794000012026NE000427,110794,plano_de_trabalho_2026_executado,main,UG_PREFIXADA
110794000012026NE000428,110794,plano_de_trabalho_2026_executado,main,UG_PREFIXADA
110794000012026NE000429,110794,plano_de_trabalho_2026_executado,main,UG_PREFIXADA
110794000012026NE000430,110794,plano_de_trabalho_2026_executado,main,UG_PREFIXADA
110794000012026NE000431,110794,plano_de_trabalho_2026_executado,main,UG_PREFIXADA
110794000012026NE000432,110794,plano_de_trabalho_2026_executado,main,UG_PREFIXADA
